studentID,randomID
120393fd3ccca724,1
ea4fa78d7fd0d377,2
bf95403eec5e2be7,3
1c00807d46daee79,4
9c7d2f672bb140cb,5
35611da39ae8eeb1,6
9279f51b43e8f684,7
322d6cb7a03ba380,8
cf885963fc86e1bf,9
b37fa6fa53d0220c,10
1f049ea76e595729,11
f177e90e46f0441b,12
69fdcdafcd461dbb,13
ea6974a0c3b474e1,14
1424f91742952bdd,15
c0a50fa07ba2e84e,16
cf834229a1574394,17
44c698b2fd779a5c,18
1e2a713addbedb87,19
45113574e7282f40,20
d435678b497ec126,21
9e32681a3051e8d0,22
3fa7f5946e4620ff,23
28253f1d4f1629a5,24
3c85f16b191f7e1d,25
8096ed6f81458725,26
8f074078a451bdd4,27
b09592cae142f566,28
1268833ab0051ed4,29
8820a83e617cded8,30
74ae8a3e74b7fe56,31
aff2bc00e46c6207,32
2f3bc4bf5ce24531,33
9322ed1d54f39fa3,34
8fddfb1761e82e5d,35
da516437a2bcac8e,36
2c187392b615d059,37
2b37ac5638bac036,38
52adad443bbaed15,39
c0d43ab33f48ddd2,40
8456206fbd61299a,41
c6883a62fe056e9,42
